file_name,transcription
audio/07_F_set_01_001.wav,ഹ്രസ്വ ചര്‍ച്ചയ്ക്കും സാധ്യതയുണ്ടെന്നു കാര്യമന്ത്രി സൂചിപ്പിച്ചു 
audio/07_F_set_01_002.wav,ഹ്രസ്വദൂര പ്രതിരോധത്തിന് ഒത്തുചേരും 
audio/07_F_set_01_003.wav,ഹ്രസ്വചിത്ര പരമ്പര നിര്‍മിക്കുന്നത് വിദ്യാലയത്തിലെ അധികൃതരും കുട്ടികളും സംയുക്തമായാണ് 
audio/07_F_set_01_004.wav,ഹൈന്ദവാചാരത്തില്‍ കുഞ്ഞ് ജനിച്ച് ഇരുപത്തിയെട്ടാം നാള്‍ നടക്കുന്ന ചടങ്ങാണ് ഇരുപത്തിയെട്ട് കെട്ട് 
audio/07_F_set_01_005.wav,ഹൃദയാഘാതം ഉണ്ടാകുന്നതിനുള്ള സാധ്യത കുറയ്ക്കാനുള്ള മറ്റുപകരണങ്ങളുമാണ് എന്നായിരുന്നു പെട്ടിയില്‍ രേഖപ്പെടുത്തിയിരുന്നത് 
audio/07_F_set_01_006.wav,ഹൃദയശൂന്യനായ വ്യവസായിയെപ്പോലെ പെരുമാറരുത് 
audio/07_F_set_01_007.wav,ഹൃദയം നിറഞ്ഞു കവിഞ്ഞൊഴുകിയ ആനന്ദാശ്രു കാണ്‍കെ മനം കുളിര്‍ത്തു 
audio/07_F_set_01_008.wav,ഹിന്ദുമത മൌലിക വാദികള്‍ പറയുന്നുവെന്നതു കൊണ്ടു മാത്രം ഏകീകൃത നിയമത്തെ എതിര്‍ക്കേണ്ടതില്ല 
audio/07_F_set_01_009.wav,ഹിന്ദുത്വത്തില്‍ അധിഷ്ഠിതമായി മാത്രമേ അയാള്‍ നിലനില്‍ക്കു 
audio/07_F_set_01_010.wav,ഹാജിമാര്‍ക്ക് തിരുഗേഹങ്ങളുടെ സേവകന്‍ ആതിഥ്യമരുളും 
audio/07_F_set_01_011.wav,ഹാജരായ പ്രതികളെ പൂര്‍ണമായി നിരോധിക്കുന്നതു പ്രായോഗികമാവില്ലെന്നും കേന്ദ്രസര്‍ക്കാരിനും ഇതേ അഭിപ്രായമാണ് 
audio/07_F_set_01_012.wav,ഹാജരാകാന്‍ മുപ്പതോളം പേര്‍ക്കു സമിതി സൂചന അയച്ചെങ്കിലും പത്തില്‍ താഴെപ്പേര്‍ മാത്രമാണ് ഹാജരായത് 
audio/07_F_set_01_013.wav,ഹര്‍ത്താല്‍ അനുകൂലികള്‍ കുറുകെയിട്ട തെങ്ങിന്‍ തടിയില്‍ തട്ടി പരിക്കേറ്റ് ചികിത്സയിലായിരുന്ന യാത്രികന്‍ നിര്യാതനായി 
audio/07_F_set_01_014.wav,ഹര്‍ജി പരിഗണിക്കുന്നതില്‍ നിന്ന് പിന്‍മാറി 
audio/07_F_set_01_015.wav,ഹര്‍ജിയിന്‍‌ മേല്‍ തിങ്കളാഴ്ച നടന്ന വാദത്തില്‍ ഹാജരായി 
audio/07_F_set_01_016.wav,ഹരിത വിപ്ലവ കാലഘട്ടത്തില്‍ നിന്നു തുലോം വ്യത്യസ്തമാണെന്നാണ് കണ്ടെത്തല്‍ 
audio/07_F_set_01_017.wav,സൌഹൃദ മനോഭാവത്തെ ഒതുക്കാന്‍ ശ്രമിക്കരുതെന്നു നിര്‍ദ്ദേശിച്ചു 
audio/07_F_set_01_018.wav,സ്വൈര ജീവിതം തകര്‍ക്കാന്‍ വര്‍ഗീയ തീവ്രവാദികള്‍ നടത്തുന്ന ശ്രമങ്ങളെ അമര്‍ച്ച ചെയ്യണം 
audio/07_F_set_01_019.wav,സ്വാശ്രയത്തില്‍ കസേര വര്‍ധിപ്പിക്കല്‍ പ്രായോഗികമല്ല 
audio/07_F_set_01_020.wav,സ്വാമി ജ്യോതിര്‍മയയുടെ പ്രഭാഷണവും ഇതോടൊപ്പമുണ്ടായിരുന്നു 
audio/07_F_set_01_021.wav,സ്വാധീന ശക്തിയുള്ള മേഖലയാണ് കുഴല്‍ മന്ദം 
audio/07_F_set_01_022.wav,സ്വാതന്ത്ര്യാനന്തര ഭാരതത്തില്‍ നേതൃത്വത്തിലെത്തിയ മന്ത്രിസഭയിലുണ്ടായിരുന്നവര്‍ നല്ല വായനക്കാരും പ്രതിഭകളുമായിരുന്നു 
audio/07_F_set_01_023.wav,സ്വാതന്ത്ര്യം ലഭിച്ചപ്പോള്‍ പ്രധാനമന്ത്രി ആരെന്നു തീരുമാനിക്കല്‍ ആയിരുന്നില്ല 
audio/07_F_set_01_024.wav,സ്വാഗതവും നന്ദിയും പറഞ്ഞു 
audio/07_F_set_01_025.wav,സ്വാഗതവും നന്ദിയും ഒരേയാളാണ് പറഞ്ഞത് 
audio/07_F_set_01_026.wav,സ്വര്‍ണ സമ്പാദ്യ പദ്ധതി അവതരിപ്പിച്ചു 
audio/07_F_set_01_027.wav,സ്വര്‍ണം നേടുന്ന ആദ്യത്തെ കളിക്കാരനും ലോകകിരീടം നേടുന്ന ആദ്യ താരവുമാണ് 
audio/07_F_set_01_028.wav,സ്വരാജ് സര്‍വകലാശാലയുടെ കൂടിയാണ് 
audio/07_F_set_01_029.wav,സ്വയം ഭരണാവകാശം നല്കാനുള്ള കേന്ദ്ര സര്‍ക്കാര്‍ തീരുമാനത്തെ പിന്തുണച്ചു കൊണ്ട് രംഗത്തെത്തി 
audio/07_F_set_01_030.wav,സ്വഭാവ വൈശിഷ്ട്യം തലയെടുപ്പ് എന്നിങ്ങനെ ലക്ഷണമൊത്ത ആനകളെ പുഷ്പ വൃഷ്ടിയോടെയാണു ഗ്രാമവാസികള്‍ പന്തലില്‍ വരവേറ്റത് 
audio/07_F_set_01_031.wav,സ്വന്തം ജില്ല ഉള്‍‌പ്പെടെ അഞ്ചു ജില്ലകളില്‍ നിന്നായി അഞ്ചു നാമ നിര്‍‌ദ്ദേശ പത്രികകളാണ് സമര്‍പ്പിച്ചിരുന്നത് 
audio/07_F_set_01_032.wav,സ്വദേശ നിര്‍മിതമായ പീരങ്കികളാണ് പരിഗണിക്കപ്പെടുന്നത് 
audio/07_F_set_01_033.wav,സ്വദേശി സ്ഥലത്ത് കൃഷിപ്പണി ചെയ്യുമ്പോള്‍ ഗുണ്ടയും സംഘവും ആടുകളെ കശാപ്പു ചെയ്യുകയായിരുന്നു 
audio/07_F_set_01_034.wav,സ്വദേശി മുപ്പത്തിയൊന്ന് വീടുകളാണ് നിര്‍മിച്ചത് 
audio/07_F_set_01_035.wav,സ്വദേശി പ്രസ്ഥാനത്തിന്റെ ഉടമയുടേതാണ് തകര്‍ക്കപ്പെട്ട കെട്ടിടം 
audio/07_F_set_01_037.wav,സ്വദേശിയായ വ്യാപാരിയെ കൊല്ലപ്പെട്ടനിലയിലാണ് കണ്ടെത്തിയത് 
audio/07_F_set_01_038.wav,സ്വദേശിയാണെന്നും പട്ടാളത്തില്‍ സേവനമനുഷ്ഠിച്ചിട്ടുണ്ടെന്നും തെളിഞ്ഞു 
audio/07_F_set_01_039.wav,സ്വദേശികളായ എട്ടംഗ തീര്‍ഥാടക സംഘത്തിലെ മുതിര്‍ന്നവര്‍ വാഹനാപകടത്തില്‍ മരിച്ചു 
audio/07_F_set_01_040.wav,സ്വത്തു തര്‍ക്കത്തിന്‍റെ പേരില്‍ ദളിത് കുടുംബം കൂട്ടക്കൊല ചെയ്യപ്പെട്ടതില്‍ അടുത്തിടെ വ്യാപകമായ അക്രമങ്ങള്‍ നടന്നിരുന്നു 
audio/07_F_set_01_041.wav,സ്വകാര്യ സേവന ദാതാക്കള്‍ക്കു പിന്നാലെ രംഗത്തെത്തിക്കുന്നു ഇക്കൂട്ടരെ 
audio/07_F_set_01_042.wav,സ്വകാര്യ വാഹനം മലയിലിടിച്ചു പതിനാല് യാത്രക്കാര്‍ അന്തരിച്ചു 
audio/07_F_set_01_045.wav,സ്രാങ്കിനെ സഹായിക്കാന്‍ നിയോഗിച്ചിരുന്ന യുവാവ് എവിടെയാണെന്നു പോലും അറിയില്ലായിരുന്നു 
audio/07_F_set_01_046.wav,സ്മാരക നിര്‍മാണം പൂര്‍വവിദ്യാര്‍ഥികളുടെ സംഘടന ഏര്‍പ്പെടുത്തിയതാണ് 
audio/07_F_set_01_047.wav,സ്‌ഫോടനത്തില്‍ ഒട്ടേറെ വാഹനങ്ങള്‍ തകര്‍ന്നു 
audio/07_F_set_01_048.wav,സ്‌ഫോടനത്തിനു മുന്‍പ് സമ്പന്നന്‍മാര്‍ താമസിക്കുന്ന ഒരുപാട് മുറികളുള്ള ഗൃഹം എടുത്തു 
audio/07_F_set_01_049.wav,സ്‌ഫോടനത്തിനു പിന്നില്‍ പ്രതികള്‍ പ്രവര്‍ത്തിച്ചിട്ടുണ്ടെന്നു കണ്ടെത്തി 
audio/07_F_set_01_050.wav,സ്‌ഫോടനക്കേസില്‍ കുറ്റക്കാരായി കണ്ടെത്തിയിട്ടുള്ളവരുടെ ജാമ്യം കോടതി പതിനെട്ടിലേക്ക് നീട്ടിയിട്ടുമുണ്ട് 
audio/07_F_set_01_051.wav,സ്ഫടിക പുറംചട്ടകള്‍ കേന്ദ്രീകൃത ശീതീകരണ സംവിധാനം ഒട്ടേറെ ദീപാലങ്കാരങ്ങള്‍ തുടങ്ങി ഏറെ ഊര്‍ജ നഷ്ടം വരുത്തുന്നതാണ് ഇപ്പോഴത്തെ കെട്ടിട നിര്‍മാണ രീതികള്‍ 
audio/07_F_set_01_052.wav,സ്‌ഫോടനത്തില്‍ പത്ത് പേര്‍ കൊല്ലപ്പെട്ടു 
audio/07_F_set_01_071.wav,സൈന്യാധിപന്‍ ഉള്‍‌പ്പെടെയുള്ള പ്രതികളുടെ ശിക്ഷാ കാര്യത്തിലാണ് വാദം കേള്‍ക്കുക 
audio/07_F_set_01_072.wav,സൈന്യവിന്യാസം മാസങ്ങളോളം തുടരുമെന്ന് പ്രധാനമന്ത്രി 
audio/07_F_set_01_073.wav,സൈന്യം ചൊവ്വാഴ്ച ഇരുട്ടിന്റെ മറവില്‍ നാണ്യവിനിമയ മിന്നലാക്രമണം പ്രഖ്യാപിച്ച് ലക്ഷക്കണക്കിന് ആയുധങ്ങള്‍ പിടിച്ചെടുത്തു 
audio/07_F_set_01_074.wav,സൈനിക പാഠശാലയില്‍ പഠിച്ച് അറുപത്തിയെട്ടിലാണ് വ്യോമസേനയില്‍ ചേര്‍ന്നത് 
audio/07_F_set_01_075.wav,സൈനിക നടപടിക്കു ഭരണകൂടം ഉപയോഗിച്ച രഹസ്യ സംജ്ഞയായിരുന്നു അത് 
audio/07_F_set_01_076.wav,സൈനിക അട്ടിമറിയില്‍ കൊല്ലപ്പെട്ടത് സാരഥിയുടെ പുത്രിയാണ് 
audio/07_F_set_01_077.wav,സൈനികോദ്യോഗസ്ഥന്റെ അഭിപ്രായത്തില്‍ മേധാവി പഴയ തലമുറയ്ക്കു മാതൃകയും ഉത്തേജനവുമായിരുന്നു 
audio/07_F_set_01_078.wav,സൈനികര്‍ പാറാവുകാരുമായി ചേര്‍ന്ന് പതിനൊന്ന് രാഷ്ട്രീയക്കാരെ വെടിവെച്ചു 
audio/07_F_set_01_079.wav,സൈനികര്‍ക്കൊപ്പം ദക്ഷിണ ധ്രുവത്തില്‍ യുദ്ധത്തിനുള്ള ആയുധങ്ങളുമായി എത്ര ദുര്‍ഘടം നിറഞ്ഞ വഴികളിലും പോകാന്‍ സന്നദ്ധരായി 
audio/07_F_set_01_080.wav,സേന സ്ഥലത്തെത്തിയതോടെ ചാവേര്‍പട കാട്ടില്‍ മറഞ്ഞതായി കിഴക്കന്‍ വൃത്തങ്ങള്‍ പറയുന്നു 
audio/07_F_set_01_081.wav,സേനാ തലവന്‍ അജ്ഞാതന്റെ വെടിയേറ്റു മരിച്ചു 
audio/07_F_set_01_082.wav,സേനാപതി ജില്ലയിലാണ് പത്തൊന്‍പത് വ്യാഴാഴ്ച തിരഞ്ഞെടുപ്പ് നടക്കുന്നത് 
audio/07_F_set_01_083.wav,സേനാപതിയില്‍ നടന്ന തിരഞ്ഞെടുപ്പ് പൊതുവെ സമാധാനപരമായിരുന്നു 
audio/07_F_set_01_084.wav,സേനാപതിയിലാണ് ആദ്യഘട്ട തെരഞ്ഞെടുപ്പ് നടക്കുന്നത് 
audio/07_F_set_01_085.wav,സുഹൃത്തുക്കളില്‍ ഒരാള്‍ ഇക്കഥ തന്നോടു പറഞ്ഞതെന്നാണ് 
audio/07_F_set_01_086.wav,സുരക്ഷാ നിരയെ കബളിപ്പിച്ചാണ് അധികാരം നേടിയത് 
audio/07_F_set_01_087.wav,സുരക്ഷാസൈന്യവുമായുണ്ടായ ഏറ്റുമുട്ടലില്‍ തീവ്രവാദികളടക്കം ആറ് ഭീകരര്‍ കൊല്ലപ്പെട്ടു 
audio/07_F_set_01_088.wav,സുരക്ഷാപരമായ കാരണങ്ങളാല്‍ വിദേശ മുതല്‍ മുടക്കു തടയുന്നത് ആഗോള പ്രതിഭാസമാണെന്ന് ഐക്യ രാഷ്ട്ര വാണിജ്യ വികസന മന്ത്രാലയം വ്യക്തമാക്കുന്നു 
audio/07_F_set_01_089.wav,സുരക്ഷാച്ചുമതലയുള്ള സേനയില്‍ അംഗമാണ് കൊല്ലപ്പെട്ട ഭടന്‍ 
audio/07_F_set_01_090.wav,സുന്നി ഒളിപ്പോര്‍ സംഘങ്ങള്‍ പ്രഖ്യാപിച്ച ഇസ്ലാമിക രാജ്യത്തിന്‍റെ തലവനാണ് 
audio/07_F_set_01_091.wav,സുഗന്ധ വ്യഞ്ജനം തുണിത്തരങ്ങള്‍ എന്നിവയുടെ കച്ചവട കേന്ദ്രമായിരുന്നു പുരാതന കാലം മുതല്‍ക്കേ 
audio/07_F_set_01_092.wav,സുഗന്ധ വ്യജ്ഞനങ്ങള്‍ തോട്ടങ്ങളില്‍ ആസ്വദിക്കാവുന്നതാണ് 
audio/07_F_set_01_112.wav,സഹായിച്ചവര്‍ക്കൊക്കെ ഒരായിരം നന്ദി 
audio/07_F_set_01_113.wav,സസ്യവിഭവങ്ങള്‍ ഇഷ്ടപ്പെടുന്നവര്‍ക്കായുള്ള സ്വാദിഷ്ടമായ വിഭവങ്ങളാണ് ഉണ്ടാക്കിയിട്ടുള്ളത് 
audio/07_F_set_01_114.wav,സര്‍വ സന്നാഹത്തോടെയായിരുന്നു ഇവരുടെ നില്‍പ്പ് 
audio/07_F_set_01_115.wav,സര്‍വ അധികാരങ്ങളും സ്വന്തം കയ്യില്‍ കേന്ദ്രീകരിച്ച് ഭരിച്ച രാജാധികാരി ഹൃദയ സ്തംഭനത്തെ തുടര്‍ന്ന് അറുപത്തിയാറാം വയസ്സില്‍ അന്തരിച്ചു 
audio/07_F_set_01_116.wav,സര്‍വകലാശാല തുടര്‍ച്ചയായി എട്ടാം തവണയും ജേതാക്കളായി 
audio/07_F_set_01_117.wav,സര്‍വകലാശാലയുടെ ഭൂമി മുമ്പും ദാനം ചെയ്തിട്ടുണ്ട് 
audio/07_F_set_01_118.wav,സര്‍വകലാശാലയുടെ പഠനത്തിനായി ലഭിക്കുന്ന വേതനം നേടിയിട്ടുണ്ട് 
audio/07_F_set_01_119.wav,സര്‍വകലാശാലയില്‍ എഴുപത്തിമൂന്നുകാരനായ പൊതുപ്രവര്‍ത്തകനെ പൂട്ടി ഇട്ടു 
audio/07_F_set_01_120.wav,സര്‍വകലാശാലയിലെ സര്‍ഗാത്മക രചന മാധ്യമപഠന വിഭാഗങ്ങളിലെ വിദ്യാര്‍ഥികള്‍ രചനയ്ക്ക് സന്നദ്ധ സേവകരാവും 
audio/07_F_set_01_121.wav,സര്‍വകലാശാലകളുള്‍പ്പെടെ പരിസരത്തുമുള്ള പ്രധാന തൊഴില്‍ശാലകളില്‍ പണിമുടക്ക് പൂര്‍ണമായിരുന്നു 
audio/07_F_set_01_122.wav,സര്‍വകലാശാലകളും വൈകാതെ നിരോധിക്കുമെന്ന് സൂചനയുണ്ട് 
audio/07_F_set_01_123.wav,സര്‍ക്കാറുണ്ടാക്കാനുള്ള ഭൂരിപക്ഷമൊപ്പിക്കാന്‍ പടിഞ്ഞാറനുകൂല സഖ്യം ശ്രമിച്ചു വരുകയായിരുന്നു 
audio/07_F_set_01_124.wav,സര്‍ക്കാരിന്റെ ശ്രദ്ധയില്‍പ്പെടുത്താനുമാണ് പണം വായ്പയായി വാങ്ങിയത് 
audio/07_F_set_01_125.wav,സമ്മാന ജേതാക്കളായവര്‍ രാജ്യത്തിനു പുറത്തും അകത്തു നിന്നുമുള്ള ഒട്ടനവധി ആഗോള പ്രശസ്തരായ ശാസ്ത്രജ്ഞരും ഉത്സവത്തില്‍ പങ്കെടുക്കുന്നുണ്ട് 
audio/07_F_set_01_126.wav,സമ്മാനമായ ഇരുപത് ലക്ഷം രൂപ സ്വദേശി പ്രസ്ഥാനം കൈപറ്റി 
audio/07_F_set_01_127.wav,സമ്മാനത്തിനര്‍ഹരായ ചിത്രങ്ങള്‍ വാസ്തവം പളുങ്ക് ഒക്കെയാണ് 
audio/07_F_set_01_128.wav,സമ്മര്‍ദത്തിന് വഴങ്ങിയാണ് വധശിക്ഷയെ അപലപിക്കാത്തതെന്ന ആരോപണവും തള്ളിക്കളഞ്ഞു 
audio/07_F_set_01_129.wav,സമ്പദ്ഘടന ഉയര്‍ത്തുന്ന വെല്ലുവിളി ശക്തമാണെങ്കിലും വില അഞ്ഞൂറില്‍ താഴാനിടയില്ലെന്നു വിദഗ്ധര്‍ ചൂണ്ടിക്കാട്ടുന്നു 
audio/07_F_set_01_130.wav,സമുദായ ഭ്രഷ്ടും പരിഹാസവും അവളെ ഭയപ്പെടുത്തി 
audio/07_F_set_01_131.wav,സമീപമുള്ള പൂന്തോട്ടത്തില്‍നിന്ന് മന്ത്രാലയത്തിന് നേരെ വെടിവെപ്പ് നടത്തിയിട്ടാണ് മുഖംമൂടി ധരിച്ച നൂറോളം പേര്‍ മന്ത്രാലയം നേരിട്ടാക്രമിച്ചത് 
audio/07_F_set_01_132.wav,സമീപമുള്ള പൂട്ടിയിട്ടിരുന്ന വീടിന്‍റെ മുറ്റത്താണ് സംഭവം 
audio/07_F_set_01_133.wav,സമിതി തുണച്ചാല്‍ അവരെയും ഉപയോഗിക്കാമെന്ന ബുദ്ധിയായിരുന്നു ഇതിനു പിന്നില്‍ 
audio/07_F_set_01_134.wav,സമയവിവരപ്പട്ടിക പ്രകാരം യാത്രാസമയം കുറയും 
audio/07_F_set_01_135.wav,സമയമാണ് രണ്ട് ദശാംശം ഒന്ന് പൂജ്യം 
audio/07_F_set_01_136.wav,സമനില നേടിക്കൊടുത്തെങ്കിലും കൃത്യ സമയത്ത് പകരക്കാരന്‍ ചരിത്രം കുറിച്ചു 
audio/07_F_set_01_138.wav,സമനിലയില്‍ ഇന്നലെ തളച്ചതോടെയാണ് സ്മാരക അന്താരാഷ്ട്ര കിരീടം കൈയെത്തും ദൂരത്തെത്തിയത് 
audio/07_F_set_01_139.wav,സമഗ്ര ഭൂപരിഷ്കരണവും വിദ്യാഭ്യാസപരിഷ്കരണവും മന്ത്രിസഭയും സമിതിയും ചേര്‍ന്നാണ് നടപ്പാക്കിയത് 
audio/07_F_set_01_140.wav,സഭയുടെ ഭദ്രാസനാധിപന്‍ കാലം ചെയ്തു 
audio/07_F_set_01_141.wav,സന്യാസിനീ സമൂഹം പരമോന്നത പദവിയിലേക്ക് 
audio/07_F_set_01_142.wav,സന്ദര്‍ശനം തടഞ്ഞതിന്‍റെ പേരില്‍ നിയമസഭയില്‍ തൃണമൂല്‍ അംഗങ്ങള്‍ ഒപ്പിച്ച പ്രതിഷേധ ധര്‍ണ ഒടുവില്‍ കൂട്ടത്തല്ലിലെത്തി 
audio/07_F_set_01_143.wav,സന്ദര്‍ശകരുടെ നെടുംതൂണായി തൊണ്ണൂറ് വയസ്സ് തികഞ്ഞ അപ്പൂപ്പന്‍ 
audio/07_F_set_01_144.wav,സന്തോഷത്തിന്റെ അലകളടങ്ങും മുന്‍പ് തിരിച്ചടിച്ചു 
audio/07_F_set_01_145.wav,സദ്യ ഉണ്ടു പിന്നീട് പള്ളിയിലേയ്ക്ക് പോകുകയുണ്ടായി 
audio/07_F_set_01_146.wav,സത്രത്തിന്റെ ഇരുപത്തിനാലാം ദിനം ഈശോയുടെ ജനനത്തെപ്പറ്റിയുള്ള സുവിശേഷ വിവരണങ്ങളില്‍ ഏറെ സങ്കടകരമായ വാക്യം കാണാനിടയായി 
audio/07_F_set_01_147.wav,സത്യപ്രതിജ്ഞയായതിനാല്‍ ഇന്നും നാളെയും അവധിയാണ് 
audio/07_F_set_01_148.wav,സങ്കേതത്തില്‍ അംഗത്വം ലഭിക്കുന്ന അഞ്ചാമത്തെ ശാസ്ത്രജ്ഞനാണ് 
audio/07_F_set_01_149.wav,സങ്കീര്‍ണമായ ആധുനിക യന്ത്രത്തിന്റെ ഇടയ്ക്കുള്ള പ്രക്രിയ ആണ് 
audio/07_F_set_01_150.wav,സഖ്യത്തിന്റെ കരുത്ത് അവരുടെ കൈകളിലാണ് 
audio/07_F_set_01_151.wav,സഖ്യം മറ്റൊരു വെങ്കലവും സമ്മാനിച്ചു 
audio/07_F_set_01_152.wav,സഖ്യം കൂടിയാകുമ്പോള്‍ രാജഭരണം വരുമെന്നാണ് പ്രതീക്ഷ 
audio/07_F_set_01_153.wav,സംസ്‌ഥാന കേരളോത്സവത്തില്‍ ഭരതനാട്യ കുച്ചുപ്പുടി വേദികള്‍ വിസ്‌മയം തീര്‍ത്തു 
audio/07_F_set_01_154.wav,സംസ്ഥാപനം സംഘടിപ്പിച്ച ചടങ്ങില്‍ ഹിന്ദുസ്ഥാനി സംഗീതജ്ഞ കീര്‍ത്തനങ്ങളാലപിച്ചു 
audio/07_F_set_01_155.wav,സംസ്ഥാന സര്‍ക്കാര്‍ മുന്നോട്ടു വച്ച വ്യവസ്ഥകള്‍ പൂര്‍ണമായി പാലിക്കാതെ ഇരുന്നതിനാലാണ് കേന്ദ്ര പൊതു മേഖലാ സ്ഥാപനത്തിന് ഖനനാനുമതി നല്‍കാത്തത് 
audio/07_F_set_01_156.wav,സംസ്ഥാന ഭാരവാഹികളായി പോഷക സംഘടനാ ഭാരവാഹികള്‍ എന്നിവരെയാണ് നിയമിക്കാനുള്ളത് 
audio/07_F_set_01_157.wav,സംസ്ഥാന കലോത്സവം ഇന്നു സമാപിക്കാനിരിക്കേ സ്വര്‍ണത്തിനായി കടുത്ത പോരാട്ടം 
audio/07_F_set_01_158.wav,സംസ്ഥാന അംഗം സംസ്ഥാന കാര്യദര്‍ശി എന്നിവരെയാണ് താക്കീത് ചെയ്തത് 
audio/07_F_set_01_159.wav,സംസ്ഥാനത്ത്‌ പതിനഞ്ച്‌ ലക്ഷത്തോളം വീടുകളില്‍ ആള്‍ത്താമസമില്ലെന്നും കുടുംബത്തിന്‌ ഒന്നിലധികം വീടുകളുണ്ടെങ്കില്‍ നികുതി ചുമത്തി നിയന്ത്രണം ഏര്‍‌പ്പെടുത്തണമെന്നും സാമ്പത്തിക ചിന്തകന്‍ 
audio/07_F_set_01_160.wav,സംസ്ഥാനത്തിലെ താലൂക്കിലെ നീലക്കുറിഞ്ഞി ചെടിയെ സംരക്ഷിക്കുന്നതിനായുള്ള സംരക്ഷണ കേന്ദ്രം ഏകദേശം മുപ്പത്തി രണ്ട് ചതുരശ്രയടി ഉണ്ട് 
audio/07_F_set_01_161.wav,സംസ്കാരം ഏഴ് മണിക്ക് നടത്തും 
audio/07_F_set_01_162.wav,സംസാരിക്കുന്ന ജനതയുള്‍‌പ്പെടുന്ന മേഖലയ്ക്കു പ്രത്യേക സംസ്ഥാനം അനുവദിക്കാന്‍ കേന്ദ്രസര്‍ക്കാരില്‍ സമ്മര്‍ദം ചെലുത്തുമെന്ന് സമ്മേളനം അംഗീകരിച്ച പ്രമേയം വ്യക്തമാക്കി 
audio/07_F_set_01_163.wav,സംവിധായകന്‍ ഒരുക്കുന്ന ചിത്രത്തില്‍ പല പുതുമുഖങ്ങളുണ്ട് 
audio/07_F_set_01_164.wav,സംവാദ ശൈലിയുടെ അവശേഷിക്കുന്ന ചുരുക്കം ഉദാഹരണങ്ങളില്‍ ഒന്നായിരുന്നു കൃതിയില്‍ കണ്ടത് 
audio/07_F_set_01_165.wav,സംരംഭത്തില്‍ അഭിമാനിക്കാമെന്ന് ഉടമ്പടിക്കാരന്‍ പറഞ്ഞു പോയി 
audio/07_F_set_01_166.wav,സംയുക്ത സംരംഭം ചരിത്രം തിരുത്തി 
audio/07_F_set_01_167.wav,സംഭവ സമയത്ത് ഒപ്പമുണ്ടായിരുന്ന പ്രതിയെ തിരിച്ചറിഞ്ഞു 
audio/07_F_set_01_168.wav,സംഭവവുമായി ബന്ധപ്പെട്ട് ആനക്കൊമ്പ് വേട്ടക്കാരാണ് പിടിയിലായത് 
audio/07_F_set_01_169.wav,സംഭരിച്ച നെല്ലിന്റെ തുക നാല് മാസമായിട്ടും കര്‍ഷകര്‍ക്ക് നല്‍കാത്തതിനെ തുടര്‍ന്നാണ് സമരം ചെയ്യുന്നത് 
audio/07_F_set_01_170.wav,സംഘവും ആയിരത്തിതൊള്ളായിരത്തി അറുപത്തിയൊന്‍പതില്‍ കൈവരിച്ച ചരിത്ര നേട്ടത്തിന്‍റെ ദൃശ്യങ്ങള്‍ കാണാതായത് ഞെട്ടിച്ചിരിക്കുകയാണ് 
audio/07_F_set_01_186.wav,ശ്ശ്യോ ആ കുഞ്ഞെന്തു പിഴച്ചു എന്ന് ആയിരുന്നു അടുത്ത ചോദ്യം 
audio/07_F_set_02_001.wav,ശുദ്ധമായ പശുവിന്‍ പാലില്‍ തയ്യാറാക്കിയ ഉല്‍പന്നങ്ങള്‍ ജനങ്ങള്‍ക്ക്‌ ആവേശമാകുന്നു 
audio/07_F_set_02_002.wav,ശുശ്രൂഷയ്ക്കായി നിയോഗിക്കപ്പെട്ടിരുന്ന പരിചാരികയാണ് അദ്ദേഹത്തിന്‍റെ അവസാന നാളുകളെക്കുറിച്ചുള്ള വെളിപ്പെടുത്തലുകള്‍ നടത്തിയത് 
audio/07_F_set_02_003.wav,ശിവസേനയില്‍ നിന്നുമുള്ളവരാണ് കൂട്ടത്തിലെ പ്രമുഖര്‍ 
audio/07_F_set_02_004.wav,ശിലായുഗ കഥാപാത്രങ്ങളായ പിശാചുക്കളെ വേട്ടയാടുന്ന ബഹിരാകാശ കുലം തുടങ്ങിയവ രംഗത്തെ അനശ്വര കഥാപാത്രങ്ങളാണ് 
audio/07_F_set_02_005.wav,ശിക്ഷ പത്ത് വര്‍ഷമായി ഉയര്‍ത്തി 
audio/07_F_set_02_006.wav,ശിക്ഷ ഇളവു ചെയ്യണമെന്ന് ആവശ്യപ്പെട്ടു കൊണ്ടുള്ള അപേക്ഷ തള്ളിക്കൊണ്ടാണ് ഉത്തരവിട്ടത് 
audio/07_F_set_02_007.wav,ശിക്ഷയില്‍നിന്നു രക്ഷപ്പെട്ടവരെയും നിയമിച്ചു 
audio/07_F_set_02_008.wav,ശാസ്‌ത്രജ്ഞന്‍ സര്‍വകലാശാല സന്ദര്‍ശിച്ചു 
audio/07_F_set_02_009.wav,ശാസ്ത്ര രംഗത്തെ മികവിന് പതിനഞ്ചാം വയസ്സില്‍ അദ്ദേഹത്തിന് അന്താരാഷ്ട്ര പുരസ്കാരം ലഭിച്ചു 
audio/07_F_set_02_010.wav,ശാസ്ത്രങ്ങളുടെ ശാസ്ത്രമെന്നു പേരിട്ടു വിളിച്ചു 
audio/07_F_set_02_011.wav,ശാരീരികമോ മാനസികമോ ആയ ഏതു മുറിവുകളെയും കരിച്ചു കളയുന്ന സ്‌നേഹമെന്ന ദിവ്യ ഔഷധത്തിന്‍റെ പണ്ഡകശാലയാണിത് 
audio/07_F_set_02_012.wav,ശാഖാ നിര്‍മിച്ച കെട്ടിട സമുച്ചയത്തിന്റെ ഉദ്ഘാടന മഹാമഹമായിരുന്നു 
audio/07_F_set_02_013.wav,ശല്യത്തിന്‍റെ പ്രത്യാഘാതങ്ങളുടെ ഇരകളാണ് നാം 
audio/07_F_set_02_014.wav,ശരീരത്തില്‍ കെട്ടി വെച്ചിരുന്ന സ്ഫോടക വസ്തു ഉടന്‍ അയാള്‍ പൊട്ടിക്കുകയായിരുന്നുവെന്ന് ദൃക്സാക്ഷി വ്യക്തമാക്കി 
audio/07_F_set_02_015.wav,ശരി ! അപ്പോള്‍ ഇതാണ് രഹസ്യം 
audio/07_F_set_02_016.wav,ശനിയാഴ്ച രാത്രി ജോലി കഴിഞ്ഞു മടങ്ങുമ്പോഴാണ് ഇവര്‍ സഞ്ചരിച്ച തോണി വെള്ളത്തില്‍ കുടുങ്ങുന്നത് 
audio/07_F_set_02_017.wav,ശത്രു ചാര സംഘടനയായി ബന്ധപ്പെട്ടു പ്രവര്‍ത്തിക്കുന്നവരാണ് വന്ന കൂട്ടര്‍ 
audio/07_F_set_02_018.wav,ശതാബ്ദി വര്‍ഷത്തോട് അനുബന്ധിച്ച് പുതിയ നിക്ഷേപ പദ്ധതി അവതരിപ്പിച്ചു 
audio/07_F_set_02_019.wav,ശതാബ്ദി ആഘോഷത്തില്‍ പങ്കെടുക്കാന്‍ എത്തിയതായിരുന്നു പഴയകാല താരസുന്ദരികള്‍ 
audio/07_F_set_02_020.wav,വ്രതാനുഷ്ഠാനദിനങ്ങള്‍ പൂര്‍ണതയിലെത്തിയതോടെ വിശ്വാസികള്‍ സക്കാത്ത് വിതരണത്തിലേക്ക് കടന്നു 
audio/07_F_set_02_021.wav,വ്യോമസേനയുടെ യുദ്ധ വിമാനം ജില്ലയില്‍ തകര്‍ന്നു വീണു ഒരാള്‍ മരിച്ചു 
audio/07_F_set_02_048.wav,വൃത്തിയാക്കാന്‍ നൂലില്‍ സൂചി കോര്‍ത്ത് ഓരോ ദ്വാരത്തില്‍ കൂടെയും കടത്തുക 
audio/07_F_set_02_049.wav,വൃക്കമാറ്റിവെയ്ക്കലില്‍ ചരിത്രം സൃഷ്ടിച്ച് യുഗപുരുഷനായി 
audio/07_F_set_02_050.wav,വീണ്ടും അനിശ്ചിത കാല സമരത്തിലേക്ക് 
audio/07_F_set_02_051.wav,വീട്ടുടമയെ പൂട്ടിയിട്ട് മര്‍ദിച്ച സംഭവത്തില്‍ സഹോദരന്‍ ഉള്‍പ്പെടെ മൂന്നുപേര്‍ തടവില്‍ 
audio/07_F_set_02_052.wav,വീട്ടില്‍ മകള്‍ വന്നിട്ട് അടുത്ത സ്ഥലത്തുള്ള ആശുപത്രിയില്‍ പോയി 
audio/07_F_set_02_053.wav,വീട്ടില്‍നിന്നിറങ്ങിയ ഞാന്‍ നേരെ ചെന്നത് ഷാപ്പിലേക്കായിരുന്നു 
audio/07_F_set_02_054.wav,വീട്ടിലെ നായയുടെ അതേ ഇനത്തില്‍‌പ്പെട്ട പെണ്‍നായ്ക്കുട്ടികളാണു കഴിഞ്ഞ ദിവസം ജനിച്ചത് 
audio/07_F_set_02_055.wav,വീടു വൃത്തിയാക്കുമ്പോള്‍ ചായം ഉപയോഗിച്ചാല്‍ ചെലവ് കൂടും 
audio/07_F_set_02_056.wav,വീടിന് മുന്നില്‍ ഞായറാഴ്ച രാത്രിയാണ് കള്ളനെ കുടുക്കി ഇട്ടത് 
audio/07_F_set_02_057.wav,വീടിനടുത്ത് പലഹാരമുണ്ടാക്കി വില്‍ക്കുന്നവരുടെ വീട്ടില്‍ മുറുക്ക് ചുറ്റിയും വെള്ളടയും ഉണ്ടാക്കിക്കൊടുത്തും കിട്ടുന്ന നാല്‍പ്പത് രൂപ കൊണ്ടാണ് എന്റെ വലിയ കുടുംബത്തെ പോറ്റുന്നത് 
audio/07_F_set_02_058.wav,വിസ്മയം ഒരുക്കാം വരകളില്‍ വര്‍ണ്ണങ്ങള്‍ ചാലിക്കാം ബാലതലമുറയ്ക്കൊപ്പം 
audio/07_F_set_02_059.wav,വിഷയത്തിലെ പ്രഗല്‍ഭരുടെ സാരഥ്യത്തിലാകും അന്വേഷണം 
audio/07_F_set_02_060.wav,അക്കാലത്ത് പള്ളിക്കു സമീപം തന്നെ നിക്കാഹ് നടത്തുകയായിരുന്നു 
audio/07_F_set_02_061.wav,അക്രമങ്ങള്‍ അനിശ്ചിതമായി തുടരവെ മുഴുവന്‍ വിദ്യാര്‍ഥികളെയും സുരക്ഷിതമായി തിരിച്ച് എത്തിക്കാന്‍ നടപടി എടുക്കണമെന്ന ആവശ്യം ശക്തമായിട്ടുണ്ട് 
audio/07_F_set_02_062.wav,വിശ്വാസ്യത ചോദ്യം ചെയ്യുന്നത് അതിരു കടന്ന സമീപനത്തെ പുച്ഛിച്ചു 
audio/07_F_set_02_063.wav,വിശാലമായ രാഷ്ട്രിയ കാഴ്ചപ്പാടോടെ പ്രവര്‍ത്തിച്ച വ്യക്തിയേയാണ് കൊലപ്പെടുത്തിയത് 
audio/07_F_set_02_064.wav,വിവിധ പ്രവൃത്തികള്‍ക്കായി പഞ്ചായത്ത് നല്‍കാനുള്ള തുകയാണിത് 
audio/07_F_set_02_065.wav,വിവിധ തരം മത്സ്യങ്ങള്‍ അടക്കം നാല്‍പ്പത്തിയൊന്ന് ഉത്പന്നങ്ങളാണ് വിപണിയിലെത്തിക്കുന്നത് 
audio/07_F_set_02_066.wav,വിവിധ അളവിലുള്ള കുപ്പികള്‍ വാങ്ങി വിതരണം ചെയ്യുക 
audio/07_F_set_02_067.wav,അംഗങ്ങള്‍ മുറി പങ്കിടുന്ന പഴയ രീതിയിലേക്കു മടങ്ങുന്നു 
audio/07_F_set_02_068.wav,വിവാദ താരം വീണ്ടും കുപ്പായമണിയുന്നു 
audio/07_F_set_02_069.wav,വിളിച്ചുകൂട്ടുന്ന യോഗങ്ങളില്‍ പങ്കെടുക്കില്ല എന്നും മുഖ്യമന്ത്രിയായിരിക്കുമ്പോള്‍ പടി ചവിട്ടുകയില്ല എന്നുമുള്ള ധാര്‍ഷ്ട്യമാണ് കുറ്റപ്പെടുത്താന്‍ കാരണം 
audio/07_F_set_02_070.wav,വില നാലായിരം വരുന്ന യന്ത്രം വിലയില്‍ മുന്‍പന്‍ 
audio/07_F_set_02_071.wav,വിലയുടെ കാര്യത്തില്‍ ധാരണ ആകാത്തതിനാല്‍ തല്‍ക്കാലം അനിശ്ചിതത്വം വന്നിരിക്കുകയാണെന്ന് അഭിപ്രായപ്പെട്ടു 
audio/07_F_set_02_072.wav,വിലയിടിവിനു ചുവടു പിടിച്ച് സ്വര്‍ണവില ഇനിയും താഴ്‌ന്നേക്കുമെന്നു സൂചന 
audio/07_F_set_02_073.wav,വിറ്റു വരവുള്ള തേയില കൃഷി വന്‍തോതില്‍ ചെയ്യുന്നു 
audio/07_F_set_02_074.wav,വിരലടയാളം പതിപ്പിച്ചാല്‍ തുറക്കുന്ന വാതിലുകള്‍ വിപണിയിലുണ്ട് 
audio/07_F_set_02_075.wav,വിരമിക്കല്‍ പ്രായമെത്തിയവര്‍ക്കുള്ള നയസംബന്ധമായ തീരുമാനങ്ങളെടുക്കുന്ന വേദി കൂടിയാണ് 
audio/07_F_set_02_076.wav,വിമാനം തകര്‍ന്ന് മൂന്നൂറ്റി ഇരുപത്തിയൊന്‍പത് പേര്‍ കൊല്ലപ്പെട്ട സംഭവത്തിന്റെ അന്വേഷണമാരംഭിച്ചു 
audio/07_F_set_02_077.wav,വിമത പത്രപ്രവര്‍ത്തകന്‍ കൊല്ലപ്പെട്ടതായി വാര്‍ത്ത പരന്നു 
audio/07_F_set_02_078.wav,വിമത പക്ഷത്ത് നിന്ന്‌ കണ്ണട ചിഹ്നത്തില്‍ മല്‍സരിച്ച്‌ വിജയിച്ച ശേഷം കൂറുമാറുകയായിരുന്നു 
audio/07_F_set_02_079.wav,വിഭജിക്കുന്നതിന് ഇരുമേഖലകളിലെയും ഭൂരിപക്ഷം ജനങ്ങളും അനുകൂലിക്കുന്നതായി ഫലം 
audio/07_F_set_02_103.wav,വിതരണം ചെയ്യാനുള്ള മാനദണ്ഡങ്ങള്‍ തയ്യാറാക്കി വരികയാണ് 
audio/07_F_set_02_104.wav,വിട്ടുകളയും വരെ വിജയപ്രതീക്ഷ പുലര്‍ത്തി 
audio/07_F_set_02_105.wav,വിടപറയുന്ന താരത്തിന് നാട്ടുകാരുടെ കിരീട നേട്ടം ആഘോഷിക്കാന്‍ ആയില്ല 
audio/07_F_set_02_106.wav,വിജ്ഞാപനം പറയുന്നതനുസരിച്ച് അനന്യമായ ജൈവ വൈരുദ്ധ്യം കൊണ്ടുള്ള സംരക്ഷണമാണ് കാട്ടുപ്രദേശത്തിനു ലഭിക്കുന്നത് 
audio/07_F_set_02_107.wav,വിജ്ഞാനകോശങ്ങള്‍ സൃഷ്ടിക്കാനുള്ള മറ്റൊരു സംരംഭമാണ് തുടങ്ങിയിരിക്കുന്നത് 
audio/07_F_set_02_108.wav,വിജയിച്ചു വരുന്ന മത്സരാര്‍ഥികള്‍ക്കു സ്വീകരണം ഒരുക്കിയിട്ടുണ്ട് 
audio/07_F_set_02_109.wav,വിജയികള്‍ ശ്രദ്ധിച്ചാല്‍ അന്താരാഷ്ട്ര തലത്തിലും യോഗ്യത നേടും 
audio/07_F_set_02_110.wav,വിജയത്തിന് അടിത്തറയിട്ടത് ഇരുവരുടേയും തകര്‍പ്പന്‍ പ്രകടനങ്ങളാണ് 
audio/07_F_set_02_111.wav,വിജയത്തിനു പിന്നിലെന്ന വിദഗ്ദ്ധരുടെ അഭിപ്രായത്തോട് യോജിച്ചു 
audio/07_F_set_02_112.wav,വിചാരണയിലെ ആദ്യത്തെ പ്രതി നമ്മുടെ വംശജനായിരുന്നു 
audio/07_F_set_02_113.wav,വിഗ്രഹങ്ങള്‍ പാലു കുടിക്കുന്നുവെന്ന വാര്‍ത്ത പരന്നതിനെ തുടര്‍ന്ന് ക്ഷേത്രത്തില്‍ പാല്‍ അര്‍പ്പിക്കാന്‍ ഞായറാഴ്ച ജനങ്ങള്‍ കൂട്ടമായെത്തി 
audio/07_F_set_02_114.wav,വികേന്ദ്രീകരണത്തിലെ തന്ത്രം ജനകീയാസൂത്രണപ്രവര്‍ത്തനത്തിന്റെ മേന്മ ഇവയെല്ലാം പഠിക്കാന്‍ പുറം രാജ്യത്തുനിന്ന് വിദഗ്ധര്‍ വന്നുകൊണ്ടിരിക്കുന്നു 
audio/07_F_set_02_115.wav,വികസനത്തിന്റെ ഭാഗമായി മോടി പിടിപ്പിക്കല്‍ പണികള്‍ ആരംഭിക്കും 
audio/07_F_set_02_116.wav,വികസനത്തിനുള്ള വന്‍ സാധ്യതയാണ് രാജ്യാന്തര ചലച്ചിത്രമേളയില്‍ കണ്ടത് 
audio/07_F_set_02_117.wav,വികലാംഗരായ നിരവധി പേര്‍ക്കു മുപ്പത്തെട്ടുകാരനായ ബിജുവിന്റെ കണ്ടുപിടുത്തം അത്താണിയായി 
audio/07_F_set_02_118.wav,വാഹനങ്ങളെ ലക്ഷ്യമാക്കിയ സ്‌ഫോടനത്തിലാണു കായികതാരം അടക്കമുള്ളവര്‍ കൊല്ലപ്പെട്ടത് 
audio/07_F_set_02_119.wav,വാഴ്ത്തപ്പെട്ടവളുടെ പ്രഖ്യാപനം വൈകീട്ട് മൂന്നിന് 
audio/07_F_set_02_120.wav,വാള്‍ കൊണ്ടു കഴുത്തില്‍ ആഞ്ഞു വെട്ടുകയായിരുന്നു എന്നാണു ലഭിച്ച സൂചന 
audio/07_F_set_02_121.wav,വാരിക സര്‍ക്കാരിന്‍റെ നേതൃത്വത്തിലുള്ള അന്വേഷക സംഘമാണ് തയ്യാറാക്കിയത് 
audio/07_F_set_02_122.wav,വായ്പ വേണ്ടാത്ത കാര്യമാണല്ലോ രോമാഞ്ചം 
audio/07_F_set_02_123.wav,വാദം കേള്‍ക്കുന്നത് പ്രശ്നം തന്നെയാണ് 
audio/07_F_set_02_124.wav,വാണിജ്യ രംഗത്ത് പ്രവര്‍ത്തിക്കുന്ന വിവിധ സംഘടനകളുടെ ആഭിമുഖ്യത്തില്‍ സ്ഥാപിക്കുന്ന കാര്യാലയം ഉദ്ഘാടനം ചെയ്യുകയായിരുന്നു മന്ത്രി 
audio/07_F_set_02_125.wav,വാണിജ്യ നാമത്തോടെ ഇത് രാസവര്‍ഗത്തില്‍ പെടുന്നു 
audio/07_F_set_02_152.wav,വയസുകാലത്ത് കയ്യെത്തും ദൂരത്ത് കാണും 
audio/07_F_set_02_153.wav,വമ്പന്മാരായവരോടുള്ള തോല്‍വി തിരിച്ചടിയായി പത്തിനു വഴങ്ങി 
audio/07_F_set_02_154.wav,വന്‍കിട വ്യവസായങ്ങള്‍ നിര്‍മിക്കാന്‍ കരാറായി 
audio/07_F_set_02_155.wav,വന്ദ്യരായ രാജ്ഞിയും രാജാവും നൃത്തഗീത എന്നീ പ്രദര്‍ശനത്തില്‍ പങ്കെടുക്കുന്നുണ്ട് 
audio/07_F_set_02_156.wav,വനിതാ സമൂഹത്തിന് നേതൃത്വം നല്‍കുന്നത് കാര്യനിര്‍വ്വാഹകസംഘമാണ് 
audio/07_F_set_02_157.wav,വനിതാ സമൂഹം അവരുടെ ഗ്രാമത്തിനുവേണ്ടിയുള്ള പ്രവര്‍ത്തനത്താല്‍ ഹൃദയം കീഴടക്കി 
audio/07_F_set_02_158.wav,വനിതാ വിഭാഗത്തിലെ ഒന്നാം പുരുഷ സഖ്യം രണ്ടാം ദിനം കളിക്കാനിറങ്ങിയിരുന്നു 
audio/07_F_set_02_159.wav,വനിതാ വിഭാഗത്തിന്റെ നിലപാട് കരഘോഷങ്ങള്‍ ഏറ്റുവാങ്ങി 
audio/07_F_set_02_160.wav,വനിതാവിഭാഗത്തില്‍ നിലവിലുള്ള ജേതാവ് മൂന്നാം മുന്നേറ്റം തുടരുന്നു 
audio/07_F_set_02_161.wav,വനിതകളുടെ അറുപത്തിമൂന്ന് കിലോ ഭാരോദ്വഹനത്തില്‍ ചരിത്രം സൃഷ്ടിച്ചു 
audio/07_F_set_02_162.wav,വനവകുപ്പിന്‍റെ കേന്ദ്രമായി മണര്‍കാടിനെ പ്രഖ്യാപിക്കും 
audio/07_F_set_02_163.wav,വനത്തില്‍ വെച്ച് തല്ലിയതിനു പുറമെ വഴിയില്‍ വെച്ച് പെണ്‍കുട്ടികളോട് മോശമായി പെരുമാറിയെന്നും പത്നിയോട് അപമര്യാദയായി സംസാരിച്ചുവെന്നും വെളിപ്പെടുത്തിയിരുന്നു 
audio/07_F_set_02_164.wav,വനങ്ങള്‍ അഭിമുഖീകരിക്കുന്ന പ്രധാന ഭീഷണിയാണ് കാട്ടു തീ 
audio/07_F_set_02_165.wav,വധൂവരന്മാര്‍ മാതാപിതാക്കന്മാര്‍ എന്നിവരെല്ലാം പിന്നീടുള്ള വണ്ടിയിലാണ് പോയത് 
audio/07_F_set_02_166.wav,വധിക്കപ്പെട്ട ആഭ്യന്തര മന്ത്രിയുടെ പിതൃ സഹോദരനാണ് പിതാവ് 
audio/07_F_set_02_167.wav,വധശിക്ഷ വിധിച്ചതിനോട് ലോകത്തിന്‍റെ പ്രതികരണം സമ്മിശ്രം 
audio/07_F_set_02_168.wav,വധശിക്ഷയ്ക്കെതിരായ യാതൊരു സമ്മര്‍ദത്തിനും മനഃശാസ്ത്രപരമായ യുദ്ധത്തിനും വഴങ്ങരുത് 
audio/07_F_set_02_169.wav,വധക്കേസ് വിചാരണയുടെ കോടതി മാറ്റണമെന്ന് ഹര്‍ജിയില്‍ പ്രതിപാദിച്ചിട്ടുണ്ട് 
audio/07_F_set_02_170.wav,വധക്കേസിലെ പ്രതികളെ അറിയാമെന്ന് ബോധിപ്പിച്ചു 
audio/07_F_set_02_171.wav,വണ്ടി എത്തിയപ്പോഴാണ് തൊട്ടുപിന്നില്‍ അക്രമമുണ്ടായത് 
audio/07_F_set_02_172.wav,വണ്ടി ആയിരത്തി തൊള്ളായിരത്തി മുപ്പത്തിയാറില്‍ വാങ്ങി 
audio/07_F_set_02_173.wav,വട്ടം കറക്കുന്ന കലയില്‍ അതിനിപുണനെങ്കിലും ജീവിതത്തിലെ വലിയ ഭാഗവും നിഴലില്‍ കഴിയാന്‍ വിധിക്കപ്പെട്ട കളിക്കാരനാണ് 
audio/07_F_set_02_174.wav,വടിവാള്‍ മദ്യക്കുപ്പി എന്നിവയും രക്തം പുരണ്ട അടയാളവും കണ്ടെത്തി 
audio/07_F_set_02_175.wav,വടക്കോട്ട് ആദ്യ ഹൈന്ദവ നവോത്ഥാനത്തിനു വഴിയൊരുക്കിയപ്പോള്‍ ഇതു വടക്കേ ദിക്കില്‍ നിന്നുള്ള ബദല്‍ നവോത്ഥാനമായാണ് അവര്‍ കാണുന്നത് 
audio/07_F_set_02_176.wav,വടക്കു പടിഞ്ഞാറന്‍ പ്രദേശത്ത് വെള്ളം കയറി മണ്ണൊലിച്ചു പോയതിനാലാണു മുടങ്ങിയത് 
audio/07_F_set_02_177.wav,വടക്കു പടിഞ്ഞാറന്‍ പട്ടണത്തിലാണ് ഭൂഗര്‍ഭ പരീക്ഷണം നടന്നതെന്നും മന്ത്രാലയം 
audio/07_F_set_02_178.wav,വടക്കു കിഴക്കന്‍ അഗ്ര സംസ്ഥാനങ്ങളില്‍ നേരിയ ഭൂചലനം 
audio/07_F_set_02_179.wav,വജ്രാഭരണങ്ങള്‍ക്ക് വിലക്കിഴിവ് 
audio/07_F_set_02_180.wav,വക്കീല്‍ക്കുപ്പായമണിഞ്ഞ് പോവാതെ രാഷ്ട്രീയം സ്വീകരിച്ചു 
audio/07_F_set_02_181.wav,വകുപ്പുകള്‍ ഓരോ സാമ്രാജ്യങ്ങളായി മാറുന്നു 
audio/07_F_set_02_182.wav,വംശീയ സംഘര്‍ഷം രൂക്ഷമായ പ്രവിശ്യയില്‍ വെടി നിര്‍ത്തല്‍ പ്രഖ്യാപിക്കണമെന്ന ആവശ്യം ഉയര്‍ന്നു 
audio/07_F_set_02_183.wav,വംശീയ ആക്രമണങ്ങള്‍ അവസാനിപ്പിക്കണം അധിനിവേശ സൈന്യത്തോടു പ്രതികാരം ചെയ്യുകയും അരുത് 
audio/07_F_set_02_184.wav,ലോക മത്സരത്തില്‍ വേഗമേറിയ ഓട്ടക്കാരനും വേഗമേറിയ ഓട്ടക്കാരിയുമായി അവര്‍ തിളങ്ങി 
audio/07_F_set_02_185.wav,ലോക പ്രശസ്ത ജന്തു ശാസ്ത്രജ്ഞനും ജന്തു സ്‌നേഹിയുമായിരുന്നു 
